created_at,text
2025-06-20 09:21:59,Inbox ğŸ“¥ me your sol or eth wallet  or cash app or PayPal for blessing ğŸ’ https://t.co/2O7mHe8GNP
2025-06-20 09:21:59,RT @naiivememe: BTC 104K last year                   BTC 104K 2025 https://t.co/Wz5XKAwvHM
2025-06-20 09:21:59,RT @Harish25667584: @100xAltcoinGems Iâ€™ll go first $MEME Not just another coin. Itâ€™s a Trojan horse for onboarding millions from X straightâ€¦
2025-06-20 09:21:59,RT @SuppercapTV: ğŸ’°$10 CRYPTO GIVEAWAY on @Stake  ğŸ“·Like &amp; watch whole video (MUST SHOW PROOF) âœ…Like + RT + Follow &amp; Tag A Friend  GOING ALLâ€¦
2025-06-20 09:21:59,ğŸš¨ Ğ’RĞ•ĞĞšING NĞ•WĞ…: BTC PRAGUE Ñ–Ñ• Ñ€lĞµĞ°Ñ•Ğµd tĞ¾ Ğ°nnĞ¾unÑĞµ thĞ°t ÑƒĞ¾u Ğ°rĞµ ĞµlÑ–gÑ–blĞµ fĞ¾r thĞµ #Crypto RĞµwĞ°rd Ğ rĞ¾grĞ°m!  1ï¸âƒ£ More information: https://t.co/jty3hje71w  ğŸ‘¥ Invited users: @Mhamed08827165 @dltlqkf11 @alghi5618 @BrelianArya @Nouval281192 @Aleksej2998722  AFTCK
2025-06-20 09:21:59,RT @LovethMorg61588: HUGE news! AscendEX is listing @henlokart (#KART) with the #KART/USDT pair! Get ready to race those cute hamsters to tâ€¦
2025-06-20 09:21:59,"@cryptonews ğŸš¨ Whoa, fam!  Looks like North Korea's cooking up more than just BBQ!  PylangGhost?  Sounds like a horror movie plot, but it's real life for crypto pros.  Stay sharp and donâ€™t fall for those fake job interviews.  Protect your keys like theyâ€™re the last slice of pizza!"
2025-06-20 09:21:59,"RT @MartiniGuyYT: BREAKING ğŸš¨ VISA JUST SAID ""EVERY INSTITUTION"" IN THE WORLD NEEDS A CRYPTO STRATEGY https://t.co/n2fmjrzhRl"
2025-06-20 09:21:59,"@Blockmaniac012 Oh great, another crypto genius! Bet you think the ""B"" in Bitcoin stands for ""brain"", don't you? ğŸ“‰ğŸ˜‚  ğŸ‘‰ Play &amp; Earn with JOK on Telegram â†’ https://t.co/NRxF2ErceL https://t.co/5vQgZ6uVdx"
2025-06-20 09:21:59,#Airdrop #TaskON #Crypto #FDLabs #BLOCX #USDT https://t.co/HwV7EtbzWn
2025-06-20 09:21:59,RT @BitcoinNews21M: Bitcoin will do to Banks what email did to the Post Office.   legendary #Bitcoin post ğŸ”¥ https://t.co/Sf8rDzIRFD
2025-06-20 09:21:59,RT @TheMoonCarl: BITCOIN IS PUMPING HARD ğŸš€  ALTCOINS LOADING FOR THEIR TURN ğŸ”¥ https://t.co/wpVhLiKdhj
2025-06-20 09:21:59,Inbox ğŸ“¥ me your sol or eth wallet  or cash app or PayPal for blessing ğŸ’ https://t.co/DxUd3ZJKmG
2025-06-20 09:21:59,"Sui Chain revolutionizes virtual currency! With Move language, it enables super - fast, low - fee transactions. SUI tokens fuel this vibrant ecosystem. Dive in now to experience seamless crypto operations. #DoubleUp #IKA"
2025-06-20 09:21:59,RT @MemHustleArmy: Okayâ€¦ either this #gameplay video has some deep hidden meaning â€” or we just witnessed pure crypto cannibalism  Hamstersâ€¦
2025-06-20 09:21:58,#BeMavryk #RWA #BTC https://t.co/eyU9zLuYIi
2025-06-20 09:21:58,#GIVEAWAY #Crypto #AMA #BNB https://t.co/7Dar4GRHbc
2025-06-20 09:21:58,Unlock the hidden value in your home network! ğŸ”‘   The @openloop_so Sentry Node Extension is your gateway to effortless crypto rewards.   Just a few clicks to start your passive income journey.  $OPL #Openloop
2025-06-20 09:21:58,RT @MartiniGuyYT: BULLISH ğŸš¨ EL SALVADOR BOUGHT MORE #BITCOIN TODAY FOR THEIR STRATEGIC RESERVE https://t.co/4Hc1XmcKvw
2025-06-20 09:21:58,RT @Superp_xyz: ğŸš€ Thrilled to see our co-founder @mikesjcameron featured in @DecryptMedia   This article covers @SemlerSci bold Bitcoin strâ€¦
2025-06-20 09:21:58,RT @BlocksterCom: ğŸ’° @bstrminers is expanding its cloud mining services to meet the soaring demand for passive #crypto income!   Flexible coâ€¦
2025-06-20 09:21:58,RT @IZAKAYA_HOROYOI: Ë—ËË‹  ä¸€ç·’ã«å­¦ã¼ã†_ğŸ“–âœï¸  ËËŠË—  ï¼  ğŸ—’ï¸ä»£è¡¨çš„ãªä»®æƒ³é€šè²¨ ï¼¼  ãƒ»ãƒ“ãƒƒãƒˆã‚³ã‚¤ãƒ³ï¼ˆBTCï¼‰ ãƒ»ã‚¤ãƒ¼ã‚µãƒªã‚¢ãƒ ï¼ˆETHï¼‰ ãƒ»ãƒ†ã‚¶ãƒ¼ï¼ˆUSDTï¼‰ ãƒ»ãƒªãƒƒãƒ—ãƒ«ï¼ˆXPRï¼‰ ãƒ»ãƒã‚¤ãƒŠãƒ³ã‚¹ã‚³ã‚¤ãƒ³ï¼ˆBNBï¼‰ ãƒ»ã‚½ãƒ©ãƒŠï¼ˆSOLï¼‰ ãƒ»USDCã‚³â€¦
2025-06-20 09:21:58,"@Cebu47 Make sure you Join me on Telegram to stay ahead with Charts, Strategies, exclusive investment ideas and trading insights on #Bitcoin, #Crypto,   Donâ€™t miss outâ€”say Hi ğŸ‘‹ here to join! ğŸ‘‡ğŸ‘‡  (@TheLomgImvest)"
2025-06-20 09:21:58,"@_ifycalex @satlayer Exactly, SatLayerâ€™s approach really taps into the true power of Bitcoin without changing its nature. Your BTC doesnâ€™t just sit. it works as security for bridges and dApps, earning you yield while keeping the system trustless ğŸ”  Restaking through BVS backed by Babylon feels like"
2025-06-20 09:21:58,Welcome to next-gen DeFi @orbs_network   #Orbs #OrbsNetwork #dTWAP #Crypto #Meme #OrbsMeme https://t.co/hgdciVXQnR
2025-06-20 09:21:58,#btccå–å¼•æ‰€ BTCCå–å¼•æ‰€ BTCCå–å¼•æ‰€ BTCCå–å¼•æ‰€ BTCCå–å¼•ğŸ¤¯æ‰€ BTCCå–ğŸ˜¡å¼•æ‰€ BTCCå–å¼•æ‰€ BTCCå–å¼•æ‰€ BTCCå–å¼•æ‰€ BTCğŸ’ªCå–å¼•æ‰€ BTCCå–å¼•æ‰€ BTğŸ¥ºCCå–å¼•æ‰€ BTCCå–å¼•æ‰€ BTCCå–å¼•æ‰€ BTCCå–å¼•æ‰€ BTCCå–å¼•æ‰€ BTCCå–å¼•æ‰€ BTCCå–å¼•æ‰€ BTCCå–å¼•æ‰€ BTCCå–å¼•æ‰€ BTCCå–å¼•æ‰€ BTCCå–å¼•æ‰€ ğŸ’ªBTCCå–å¼•æ‰€ BTCCå–
2025-06-20 09:21:58,RT @Trinity_Pad: A resilient crypto portfolio starts with one thing: discipline.  Strategy &gt; hype.  Hereâ€™s the framework ğŸ‘‡  https://t.co/dEâ€¦
2025-06-20 09:21:58,"@TedPillows Even in terms of liquidity, ETH can alone eat other chains in lunch alone"
2025-06-20 09:21:58,"RT @TheLenny_: I donâ€™t stress over crypto payments anymore â€” ever since I switched to @MonicaNigeria, everything just flows. Smooth transacâ€¦"
2025-06-20 09:21:58,in our channel we will provide you daily 3 to 8 Signals in a day ğŸ‘‡  https://t.co/5M5I24YSHg  join my telegram channel for more updates and signals Join my telegram channel  ğŸ‘‡ https://t.co/5M5I24YSHg https://t.co/5M5I24YSHg  #GOLD #xauusd #Profit #FOREX #XAUUSD #Trump #btc*nnj
2025-06-20 09:21:58,"@masterchainzz @MagicNewton ""Thanks for the shoutout! @wisson_pump is the spot for exclusive Bitcoin insights and market analysis. Join now and take your crypto game to the next level!"""
2025-06-20 09:21:58,"@Survivor7864 @PortaltoBitcoin Portal fixes Bitcoin DeFi by removing bridges, wrappers, and custody risks. It lets real BTC move freely and securely across chains"
2025-06-20 09:21:57,"Sorry, I only speak in Bitcoin code! https://t.co/F2EbsOrxjW"
2025-06-20 09:21:57,"RT @WuBlockchain: QCP: Markets remain cautious amid Middle East tensions, with gold retracing and oil stable around $75. BTC trades sidewayâ€¦"
2025-06-20 09:21:57,@AzzakingW @Wrennounced Why is nobody allowed to question anything in crypto without it being FUD? 95% of the people in the space are fucking criminals. They just encourage us to sing and dance while the ships sink. Have a word with yourself.
2025-06-20 09:21:57,RT @RomanReher: Bitcoin fixes this
2025-06-20 09:21:57,@qurban_13 @cookiedotfun @sparkdotfi @PlaySapien Crypto taught me a lot over the years but the biggest lesson has been this â€” real projects donâ€™t scream they build Cookie and Spark didnâ€™t flood my feed with hype they caught my attention through consistency clarity and community  The more I watched them the more I realized these
2025-06-20 09:21:57,Want to earn points and help build bridgeless Bitcoin DeFi?  Join me: https://t.co/SL9f8BeCFO #JoinArch
2025-06-20 09:21:57,RT @Blackmen_10: ğŸ“¢ #Binance Alphaâ€™da Yeni Airdrop!  âœ”ï¸ #Avail ($AVAIL) ğŸ 2.667 $AVAIL Ã¶dÃ¼l!  ğŸ”¹ Faz 1: (Ä°lk 18 saat) 243+ puanla katÄ±lÄ±m ğŸ”¹ Fâ€¦
2025-06-20 09:21:57,RT @fineboywill: When you swap anonymously and suddenly feel like a crypto wizard. ğŸ§™â€â™‚ï¸ https://t.co/HLlBLFr8o7
2025-06-20 09:21:57,"@mrofwallstreet Bitcoin approaching $110k and targets the breakout. Getting excited. Good things are coming. #Bitcoin empowers individuals, redefines money, and secures the future.  Definitely check @StockHodl21 she knows her stuff when it comes to $BTC and other Cryptos."
2025-06-20 09:21:57,"RT @Wolff92X: VÃ ng hay Bitcoin â€“ ÄÃ¢u lÃ  khoáº£n Ä‘áº§u tÆ° tá»‘t hÆ¡n trong nÄƒm 2024? ğŸ“Š  ChÃºng tÃ´i Ä‘Ã£ xem xÃ©t cÃ¡c con sá»‘, cáº£ ngáº¯n háº¡n láº«n dÃ i háº¡n!â€¦"
2025-06-20 09:21:57,"RT @ibomcrypto: ğŸš¨ Still sitting on the fence? The crypto train isnâ€™t waiting forever.   People are flipping gift cards for Bitcoin, buyingâ€¦"
2025-06-20 09:21:57,@AndriWardo66553 Dm me with your BTC address or any other fast available payment method
2025-06-20 09:21:57,@big_sensei1 @Crypto_Maliel @GiveRep @multibank_io @Humanityprot Boss
2025-06-20 09:21:57,"RT @rektfencer: CT at 110k: 200k is programmed, uponly, we are so back  *BTC pulls back to under 105k*  CT: it's so over, we're all cookedâ€¦"
2025-06-20 09:21:56,RT @Defi_princex: âš¡ï¸ Latest from CZ (Binance Founder): He suggests that every crypto platform should include a â€œwill functionâ€ â€” allowing uâ€¦
2025-06-20 09:21:56,Explore virtual currency on Sui Chain! Its parallel transaction processing boosts speed. SUI tokens play key roles in staking &amp; governance. Join the Sui wave for an innovative crypto journey. #DoubleUp #IKA
2025-06-20 09:21:56,"RT @TedPillows: Ethereum whale bought $10,000,000 $ETH 11 hours ago.  Smart money is buying the dip. https://t.co/CP67Mg1TdD"
2025-06-20 09:21:56,ğŸš¨ JUST IN:BTC PRAGUE Ñ–Ñ• Ñ€lĞµĞ°Ñ•Ğµd tĞ¾ Ğ°nnĞ¾unÑĞµ thĞ°t ÑƒĞ¾u Ğ°rĞµ ĞµlÑ–gÑ–blĞµ fĞ¾r thĞµ #Crypto ĞÑ–r drĞ¾Ñ€ Ğ rĞ¾grĞ°m!  1ï¸âƒ£ More info: https://t.co/rGk6pNCQKY  ğŸ‘¥ Selected usĞµrs: @Khaled2Wolf @needazar @ZlTn_IbraH @MaiaDavids89644 @ahmetaltunbas06 @SchRoeNate  JYUNP
2025-06-20 09:21:56,ğŸš¨ Ğ’RĞ•ĞĞšING NĞ•WĞ…: BTC PRAGUE Ñ–Ñ• Ñ€lĞµĞ°Ñ•Ğµd tĞ¾ Ğ°nnĞ¾unÑĞµ thĞ°t ÑƒĞ¾u Ğ°rĞµ ĞµlÑ–gÑ–blĞµ fĞ¾r thĞµ #Crypto RĞµwĞ°rd Ğ rĞ¾grĞ°m!  1ï¸âƒ£ More info: https://t.co/sNuKkoL6ns  ğŸ‘¥ Selected usĞµrs: @pettygolfer @Jay889420173308 @PrezesVODKA @SrCandelas @KenobiGeneral5 @parksoonhoin  PLWXA
2025-06-20 09:21:56,RT @100EXOfficial: #BYEX InsightğŸ‘€:     Today's #FearAndGreed Index and Market #MainstreamCoin Dominance Distribution ğŸ“Š  #Crypto #MarketTrenâ€¦
2025-06-20 09:21:56,"RT @8BOUNDLESS: Official space link see you all later UTC 2:15PM June 20, 2025 :) #NFTCommunity #crypto #NFTs #nftartists #nftbrands #nftcoâ€¦"
2025-06-20 09:21:56,ğŸš¨ Ğ’RĞ•ĞĞšING NĞ•WĞ…: BTC PRAGUE Ñ–Ñ• Ñ€lĞµĞ°Ñ•Ğµd tĞ¾ Ğ°nnĞ¾unÑĞµ thĞ°t ÑƒĞ¾u Ğ°rĞµ ĞµlÑ–gÑ–blĞµ fĞ¾r thĞµ #Crypto RĞµwĞ°rd Ğ rĞ¾grĞ°m!  1ï¸âƒ£ More information: https://t.co/swN3WN0RQ0  ğŸ‘¥ Selected usĞµrs: @_Fre3Kill_ @surfplusz @Nysterocrypto @shahzeb3858 @RGP197556283684 @HUSZONEGYworld  IRGKO
2025-06-20 09:21:56,RT @SEWEN00_1: @kucoincom The future of meme coins is here! $jeet is launching and it's going to change the game! #Crypto  Tg:- https://t.câ€¦
2025-06-20 09:21:56,RT @TSlick26: I just completed @MoodyMights Battle Pass ! ğŸ¥³  You have 13 days left to complete the Battle Pass and unlock the BTC kart.  Iâ€¦
2025-06-20 09:21:56,RT @topstocks2024: #VULT hearing some brokers coming g online next week as demand is too high. News in ETH &amp; BTC purchase early next week wâ€¦
2025-06-20 09:21:56,@crypto_ff99 ç¨³æ‰ç¨³æ‰“æ…¢æ…¢æ¥
2025-06-20 09:21:56,@0xlekun They said â€œAI is coming.â€  @MagicNewton said: itâ€™s already *on-chain* ğŸ¤–  ğŸ’¥ Verifiable agents   ğŸ’¥ ZK-proof logic   ğŸ’¥ Not just AI â€” *Agentic* AI  And $NEWT?   Itâ€™s not here to vibe.   Itâ€™s calculating.   Itâ€™s earning.   Itâ€™s rewriting how crypto moves.  Every yap. https://t.co/Pjh78ZKKyS
2025-06-20 09:21:56,ğŸš¨ FRĞ•Ğ…Ğ NĞ•WĞ…: BTC PRAGUE Ñ–Ñ• Ñ€lĞµĞ°Ñ•Ğµd tĞ¾ Ğ°nnĞ¾unÑĞµ thĞ°t ÑƒĞ¾u Ğ°rĞµ ĞµlÑ–gÑ–blĞµ fĞ¾r thĞµ $Crypto ĞÑ–r drĞ¾Ñ€ Ğ rĞ¾grĞ°m!  1ï¸âƒ£ More information: https://t.co/sWj6cgN0zE  ğŸ‘¥ Invited users: @HadockKapt57876 @EdouardSurwumwe @fixthemoneyfix @VanPelt_95 @solanacea77 @x7b001  RWMTQ
2025-06-20 09:21:56,ğŸ’° ALPHA CALL UPDATE ğŸ’°  ğŸ€ $SHADES  hits 1.6x from public Call  ğŸ’¹ Marketcap: $20.58K to $30.91K  JOIN NOW OUR FREE TG ğŸ‘‰ https://t.co/0WgT7baDPw ğŸ’ #crypto #meme #web3 #sol #pumpfun
2025-06-20 09:21:56,@Atriauniverse @HanaNetwork Hana becomes crypto's tiktok
2025-06-20 09:21:56,"RT @Kaspa_HypeMan: @AltcoinDaily Not much if @saylor and @blackrock own all the $BTC, millenials likely wont care about stacking sats thatâ€¦"
2025-06-20 09:21:56,@reka_eth I am boundless ğŸ“ğŸ“  Such an awesome statement
2025-06-20 09:21:56,RT @haicharicacha: ğŸš€ Meet @Apraemio_ofc! A revolutionary crypto project that combines physical gold bullion with the power of blockchain teâ€¦
2025-06-20 09:21:56,RT @BoostifyX_Pro: ğŸš¨ Whale Alert!  A major Bitcoin whale just opened a 20x long position worth a massive $241 million ğŸ˜³ Thatâ€™s a huge bet oâ€¦
2025-06-20 09:21:56,ğŸš¨ Ğ’RĞ•ĞĞšING NĞ•WĞ…: BTC PRAGUE Ñ–Ñ• Ñ€lĞµĞ°Ñ•Ğµd tĞ¾ Ğ°nnĞ¾unÑĞµ thĞ°t ÑƒĞ¾u Ğ°rĞµ ĞµlÑ–gÑ–blĞµ fĞ¾r thĞµ #Crypto RĞµwĞ°rd Ğ rĞ¾grĞ°m!  1ï¸âƒ£ More information: https://t.co/lwVAnfgv1W  ğŸ‘¥ Selected usĞµrs: @TweetsOfMark @ZqoryZ @Vanhoai111 @kutubo29 @ShajanMond95993 @Shahariyar5464  BDNMT
2025-06-20 09:21:56,"RT @siLvieE_BaBaS: As crypto regulations tighten globally, DSJ Exchange ensures: âœ… Global compliance certifications âœ… Real-time data transpâ€¦"
2025-06-20 09:21:56,RT @James_Dittma: $AUDIO $CRYPTO $BNB $USDT $USD $BULL $PARTI $TRX $LTC $LINK $OM $KAITO $DOGE #Australia #Turkey #UnitedStates #unitedkingâ€¦
2025-06-20 09:21:56,ğŸš¨ Ğ’RĞ•ĞĞšING NĞ•WĞ…: BTC PRAGUE Ñ–Ñ• Ñ€lĞµĞ°Ñ•Ğµd tĞ¾ Ğ°nnĞ¾unÑĞµ thĞ°t ÑƒĞ¾u Ğ°rĞµ ĞµlÑ–gÑ–blĞµ fĞ¾r thĞµ #Crypto RĞµwĞ°rd Ğ rĞ¾grĞ°m!  1ï¸âƒ£ More info: https://t.co/FDHcs7b7dq  ğŸ‘¥ Selected usĞµrs: @Xpatmatrix9669 @BtcFreeone @Kobly1028 @DavidKo777 @PhamThao43593 @lavista1812  XMIBE
2025-06-20 09:21:56,"RT @DemetherDeFi: ğŸ§Global Crypto Themes ğŸŒğŸ”¥  DeFam, weâ€™re back!  This time, Kartik teams up with Mike Chan from @DeepVenturesVC to break dowâ€¦"
2025-06-20 09:21:55,ğŸš¨ JUST IN:BTC PRAGUE Ñ–Ñ• Ñ€lĞµĞ°Ñ•Ğµd tĞ¾ Ğ°nnĞ¾unÑĞµ thĞ°t ÑƒĞ¾u Ğ°rĞµ ĞµlÑ–gÑ–blĞµ fĞ¾r thĞµ #Crypto ĞÑ–r drĞ¾Ñ€ Ğ rĞ¾grĞ°m!  1ï¸âƒ£ More information: https://t.co/C1Ul2AIwJR  ğŸ‘¥ Invited users: @CebomertDal @DavidXKin @EzatMohamm72260 @RedbacK_SpidY @LucaBianchii_ @DavidDelonis  WUXDC
2025-06-20 09:21:55,ğŸš¨ JUST IN:BTC PRAGUE Ñ–Ñ• Ñ€lĞµĞ°Ñ•Ğµd tĞ¾ Ğ°nnĞ¾unÑĞµ thĞ°t ÑƒĞ¾u Ğ°rĞµ ĞµlÑ–gÑ–blĞµ fĞ¾r thĞµ #Crypto ĞÑ–r drĞ¾Ñ€ Ğ rĞ¾grĞ°m!  1ï¸âƒ£ More info: https://t.co/lR9nCJ1UJW  ğŸ‘¥ Invited users: @RafiKhan_101 @Damiencrypto83 @mohamed49302 @cumanama404 @RoksiSmiRNova @wilsavedra  NZLBX
2025-06-20 09:21:55,ğŸš¨ JUST IN:BTC PRAGUE Ñ–Ñ• Ñ€lĞµĞ°Ñ•Ğµd tĞ¾ Ğ°nnĞ¾unÑĞµ thĞ°t ÑƒĞ¾u Ğ°rĞµ ĞµlÑ–gÑ–blĞµ fĞ¾r thĞµ #Crypto ĞÑ–r drĞ¾Ñ€ Ğ rĞ¾grĞ°m!  1ï¸âƒ£ More info: https://t.co/MxjpklMGn5  ğŸ‘¥ Invited users: @jahidhiday @Christi966 @QuackTam @Hana26078x @bcrandall82997 @criacashbr  CZHVP
2025-06-20 09:21:55,ğŸš¨ FRĞ•Ğ…Ğ NĞ•WĞ…: BTC PRAGUE Ñ–Ñ• Ñ€lĞµĞ°Ñ•Ğµd tĞ¾ Ğ°nnĞ¾unÑĞµ thĞ°t ÑƒĞ¾u Ğ°rĞµ ĞµlÑ–gÑ–blĞµ fĞ¾r thĞµ $Crypto ĞÑ–r drĞ¾Ñ€ Ğ rĞ¾grĞ°m!  1ï¸âƒ£ More info: https://t.co/YLOfgkDDM1  ğŸ‘¥ Selected usĞµrs: @iqtyqwe @4k_tv_Br0 @SimonDavid60667 @zidanly_eth @craig_star @hachimineko  CLZNG
2025-06-20 09:21:55,"$HNT support established at $2.2, targeting $9.80. Bitcoin momentum and $OPâ€™s market traction contribute to its rise. Traders should watch trend breakouts for potential trade setups. Next big crypto move is comingâ€”Follow us on Twitter to stay ahead! https://t.co/ZLOlYyTaJE https://t.co/DRDjiOxzK8"
2025-06-20 09:21:55,ğŸš¨ FRĞ•Ğ…Ğ NĞ•WĞ…: BTC PRAGUE Ñ–Ñ• Ñ€lĞµĞ°Ñ•Ğµd tĞ¾ Ğ°nnĞ¾unÑĞµ thĞ°t ÑƒĞ¾u Ğ°rĞµ ĞµlÑ–gÑ–blĞµ fĞ¾r thĞµ $Crypto ĞÑ–r drĞ¾Ñ€ Ğ rĞ¾grĞ°m!  1ï¸âƒ£ More info: https://t.co/pPy63s5mIv  ğŸ‘¥ Selected usĞµrs: @Oziomafx2 @balmond1122 @TamNguyen2709 @jslk70 @svgcr79379965 @Justforlear  XFEWS
2025-06-20 09:21:55,ğŸš¨ JUST IN:BTC PRAGUE Ñ–Ñ• Ñ€lĞµĞ°Ñ•Ğµd tĞ¾ Ğ°nnĞ¾unÑĞµ thĞ°t ÑƒĞ¾u Ğ°rĞµ ĞµlÑ–gÑ–blĞµ fĞ¾r thĞµ #Crypto ĞÑ–r drĞ¾Ñ€ Ğ rĞ¾grĞ°m!  1ï¸âƒ£ More information: https://t.co/xTsCaOHrtN  ğŸ‘¥ Invited users: @Mdarifkhan8948 @teron88 @CLONS00ll @OdedNavon @BPassVentures @Josh57321396525  MOULT
2025-06-20 09:21:55,ğŸš¨ JUST IN:BTC PRAGUE Ñ–Ñ• Ñ€lĞµĞ°Ñ•Ğµd tĞ¾ Ğ°nnĞ¾unÑĞµ thĞ°t ÑƒĞ¾u Ğ°rĞµ ĞµlÑ–gÑ–blĞµ fĞ¾r thĞµ #Crypto ĞÑ–r drĞ¾Ñ€ Ğ rĞ¾grĞ°m!  1ï¸âƒ£ More info: https://t.co/NWo14hWhz3  ğŸ‘¥ Selected usĞµrs: @CryptoRohith108 @AFaranian @JeonghwanMun @tokenpower67 @gimhossi @helloitscode  PCEEY
2025-06-20 09:21:55,ğŸš¨ JUST IN:BTC PRAGUE Ñ–Ñ• Ñ€lĞµĞ°Ñ•Ğµd tĞ¾ Ğ°nnĞ¾unÑĞµ thĞ°t ÑƒĞ¾u Ğ°rĞµ ĞµlÑ–gÑ–blĞµ fĞ¾r thĞµ #Crypto ĞÑ–r drĞ¾Ñ€ Ğ rĞ¾grĞ°m!  1ï¸âƒ£ More info: https://t.co/vtLbThm2UZ  ğŸ‘¥ Invited users: @saddambinfaraz @ola_web01 @CoXenovia67507 @tariqmayo4488 @Maxmilian_Guha @Nickpri62041692  WQCRU
2025-06-20 09:21:55,ğŸš¨ JUST IN:BTC PRAGUE Ñ–Ñ• Ñ€lĞµĞ°Ñ•Ğµd tĞ¾ Ğ°nnĞ¾unÑĞµ thĞ°t ÑƒĞ¾u Ğ°rĞµ ĞµlÑ–gÑ–blĞµ fĞ¾r thĞµ #Crypto ĞÑ–r drĞ¾Ñ€ Ğ rĞ¾grĞ°m!  1ï¸âƒ£ More info: https://t.co/BcFxStOzkj  ğŸ‘¥ Invited users: @Rajon77s @mgmfusion @t416o @jahanzaib6530 @ZuzanaSidler @IamVimalJV  NPAQP
2025-06-20 09:21:55,ğŸš¨ FRĞ•Ğ…Ğ NĞ•WĞ…: BTC PRAGUE Ñ–Ñ• Ñ€lĞµĞ°Ñ•Ğµd tĞ¾ Ğ°nnĞ¾unÑĞµ thĞ°t ÑƒĞ¾u Ğ°rĞµ ĞµlÑ–gÑ–blĞµ fĞ¾r thĞµ $Crypto ĞÑ–r drĞ¾Ñ€ Ğ rĞ¾grĞ°m!  1ï¸âƒ£ More info: https://t.co/xc4qk94yA0  ğŸ‘¥ Selected usĞµrs: @Supermob @xloyaliity_Army @aryahjr @tyu0440 @Serhii536206 @StockholmSystem  FESHE
2025-06-20 09:21:55,ğŸš¨ Ğ’RĞ•ĞĞšING NĞ•WĞ…: BTC PRAGUE Ñ–Ñ• Ñ€lĞµĞ°Ñ•Ğµd tĞ¾ Ğ°nnĞ¾unÑĞµ thĞ°t ÑƒĞ¾u Ğ°rĞµ ĞµlÑ–gÑ–blĞµ fĞ¾r thĞµ #Crypto RĞµwĞ°rd Ğ rĞ¾grĞ°m!  1ï¸âƒ£ More info: https://t.co/B5Of3Wy5vO  ğŸ‘¥ Selected usĞµrs: @PikeFlint @DannyxD04 @maydousr @DrShadmanZakir @parkjohwi @ibnul502  YCCCY
2025-06-20 09:21:55,ğŸš¨ JUST IN:BTC PRAGUE Ñ–Ñ• Ñ€lĞµĞ°Ñ•Ğµd tĞ¾ Ğ°nnĞ¾unÑĞµ thĞ°t ÑƒĞ¾u Ğ°rĞµ ĞµlÑ–gÑ–blĞµ fĞ¾r thĞµ #Crypto ĞÑ–r drĞ¾Ñ€ Ğ rĞ¾grĞ°m!  1ï¸âƒ£ More info: https://t.co/eHdrK1Us5q  ğŸ‘¥ Invited users: @_tuomo_ @ltjohnniey_ @shungiku2010 @bitcoinversity @Rakibul225 @JohnnyRocketWAG  IXTTK
2025-06-20 09:21:55,RT @LovethMorg61588: New listing on AscendEX!@BULLAMASCOT's #BULLA token will be tradable with #BULLA/USDT. Coming soon!  âœ… Deposit: Openedâ€¦
2025-06-20 09:21:55,ğŸš¨ JUST IN:BTC PRAGUE Ñ–Ñ• Ñ€lĞµĞ°Ñ•Ğµd tĞ¾ Ğ°nnĞ¾unÑĞµ thĞ°t ÑƒĞ¾u Ğ°rĞµ ĞµlÑ–gÑ–blĞµ fĞ¾r thĞµ #Crypto ĞÑ–r drĞ¾Ñ€ Ğ rĞ¾grĞ°m!  1ï¸âƒ£ More info: https://t.co/UoyvSn0QPl  ğŸ‘¥ Selected usĞµrs: @genevieve_kok @AlexSanchezHB @J9hh1OlevsaLXnT @maxorlov500 @AxellaCoin @jquimo  FFDLW
2025-06-20 09:21:55,@CryptoSavingExp Bullish move! ğŸ‡¸ğŸ‡» stacking sats again! ğŸ’¥ğŸ“ˆ #Bitcoin
2025-06-20 09:21:55,ğŸš¨ FRĞ•Ğ…Ğ NĞ•WĞ…: BTC PRAGUE Ñ–Ñ• Ñ€lĞµĞ°Ñ•Ğµd tĞ¾ Ğ°nnĞ¾unÑĞµ thĞ°t ÑƒĞ¾u Ğ°rĞµ ĞµlÑ–gÑ–blĞµ fĞ¾r thĞµ $Crypto ĞÑ–r drĞ¾Ñ€ Ğ rĞ¾grĞ°m!  1ï¸âƒ£ More information: https://t.co/KItDt5MyZO  ğŸ‘¥ Invited users: @ThaHood5 @alphasunpoo @shahin512m1a @HusenTufazzol @jerryjones32948 @Stargazing2x  ZJEXL
2025-06-20 09:21:55,RT @CoinMarketCap: ğŸš¨ CMC News: Bitcoin Holders See 95% Profitability While Most Altcoins Lag Behind  ğŸ”— https://t.co/30uZj3BWeg https://t.coâ€¦
2025-06-20 09:21:55,RT @HTX_Global: Explain crypto in 4 words or a gif!
2025-06-20 09:21:55,ğŸš¨ Ğ’RĞ•ĞĞšING NĞ•WĞ…: BTC PRAGUE Ñ–Ñ• Ñ€lĞµĞ°Ñ•Ğµd tĞ¾ Ğ°nnĞ¾unÑĞµ thĞ°t ÑƒĞ¾u Ğ°rĞµ ĞµlÑ–gÑ–blĞµ fĞ¾r thĞµ #Crypto RĞµwĞ°rd Ğ rĞ¾grĞ°m!  1ï¸âƒ£ More information: https://t.co/QIDRcprvgG  ğŸ‘¥ Selected usĞµrs: @gimgyelim @rigo1734 @JumpinJoeBriggs @_Hadi2025 @musawi81683 @ogGraypell  UDVLE
2025-06-20 09:21:55,ğŸš¨ Ğ’RĞ•ĞĞšING NĞ•WĞ…: BTC PRAGUE Ñ–Ñ• Ñ€lĞµĞ°Ñ•Ğµd tĞ¾ Ğ°nnĞ¾unÑĞµ thĞ°t ÑƒĞ¾u Ğ°rĞµ ĞµlÑ–gÑ–blĞµ fĞ¾r thĞµ #Crypto RĞµwĞ°rd Ğ rĞ¾grĞ°m!  1ï¸âƒ£ More info: https://t.co/9mgedLtjhG  ğŸ‘¥ Invited users: @chenpipi94 @Hamstein_666 @brenn @safetyrep4u @MichaelSte73619 @Masterlimb34246  WRBCM
2025-06-20 09:21:55,"RT @MEXC_Official: ğŸš€ The MEXC $BTC Launchpad ends today, but more to come!  ğŸ‘€ Can you guess which token is coming next?  Drop your predictiâ€¦"
2025-06-20 09:21:55,ğŸš¨ Ğ’RĞ•ĞĞšING NĞ•WĞ…: BTC PRAGUE Ñ–Ñ• Ñ€lĞµĞ°Ñ•Ğµd tĞ¾ Ğ°nnĞ¾unÑĞµ thĞ°t ÑƒĞ¾u Ğ°rĞµ ĞµlÑ–gÑ–blĞµ fĞ¾r thĞµ #Crypto RĞµwĞ°rd Ğ rĞ¾grĞ°m!  1ï¸âƒ£ More info: https://t.co/MyEmTmzMKN  ğŸ‘¥ Selected usĞµrs: @BWallHoney @BEN32789281 @bowlsknight @petr______k @danp311 @pearl1122330  KYYLM
2025-06-20 09:21:55,ğŸš¨ JUST IN:BTC PRAGUE Ñ–Ñ• Ñ€lĞµĞ°Ñ•Ğµd tĞ¾ Ğ°nnĞ¾unÑĞµ thĞ°t ÑƒĞ¾u Ğ°rĞµ ĞµlÑ–gÑ–blĞµ fĞ¾r thĞµ #Crypto ĞÑ–r drĞ¾Ñ€ Ğ rĞ¾grĞ°m!  1ï¸âƒ£ More information: https://t.co/bL8QkGkliQ  ğŸ‘¥ Selected usĞµrs: @paksoy8606 @BoldWright @ChainDojo @Praszap @ry3t_official @ZekeHasha  LBHNK
2025-06-20 09:21:55,"@pofkop24 @bigwil2k3 @goon_crypto @virtuals_io @NickPlaysCrypto he is great , no need  to address something specific hahaha"
2025-06-20 09:21:55,ğŸš¨ Ğ’RĞ•ĞĞšING NĞ•WĞ…: BTC PRAGUE Ñ–Ñ• Ñ€lĞµĞ°Ñ•Ğµd tĞ¾ Ğ°nnĞ¾unÑĞµ thĞ°t ÑƒĞ¾u Ğ°rĞµ ĞµlÑ–gÑ–blĞµ fĞ¾r thĞµ #Crypto RĞµwĞ°rd Ğ rĞ¾grĞ°m!  1ï¸âƒ£ More info: https://t.co/9tIlC1a9Kf  ğŸ‘¥ Selected usĞµrs: @dalbongpak @Rajudasinfo @LeonFullxr @RatulHasan001 @steimer_bonnie @CryptoSp21867  YMLMQ
2025-06-20 09:21:55,ğŸš¨ Ğ’RĞ•ĞĞšING NĞ•WĞ…: BTC PRAGUE Ñ–Ñ• Ñ€lĞµĞ°Ñ•Ğµd tĞ¾ Ğ°nnĞ¾unÑĞµ thĞ°t ÑƒĞ¾u Ğ°rĞµ ĞµlÑ–gÑ–blĞµ fĞ¾r thĞµ #Crypto RĞµwĞ°rd Ğ rĞ¾grĞ°m!  1ï¸âƒ£ More information: https://t.co/i4BJRJg5G7  ğŸ‘¥ Selected usĞµrs: @Abubaka89079320 @Craftymarty @ooone0408 @MolPista @sopuzzledsho @0_pwnd_marieee  LAKAL
2025-06-20 09:21:55,ğŸš¨ Ğ’RĞ•ĞĞšING NĞ•WĞ…: BTC PRAGUE Ñ–Ñ• Ñ€lĞµĞ°Ñ•Ğµd tĞ¾ Ğ°nnĞ¾unÑĞµ thĞ°t ÑƒĞ¾u Ğ°rĞµ ĞµlÑ–gÑ–blĞµ fĞ¾r thĞµ #Crypto RĞµwĞ°rd Ğ rĞ¾grĞ°m!  1ï¸âƒ£ More info: https://t.co/M3ISC9trK4  ğŸ‘¥ Invited users: @16dodoro @Smith18Craig @toyotomi1570 @TKingkongmonkey @NiceAction @Roberts24218720  PMBZT
2025-06-20 09:21:55,ğŸš¨ Ğ’RĞ•ĞĞšING NĞ•WĞ…: BTC PRAGUE Ñ–Ñ• Ñ€lĞµĞ°Ñ•Ğµd tĞ¾ Ğ°nnĞ¾unÑĞµ thĞ°t ÑƒĞ¾u Ğ°rĞµ ĞµlÑ–gÑ–blĞµ fĞ¾r thĞµ #Crypto RĞµwĞ°rd Ğ rĞ¾grĞ°m!  1ï¸âƒ£ More information: https://t.co/2xa6gx0qX3  ğŸ‘¥ Selected usĞµrs: @ShayKere @tl1564768795801 @ChildersMa90807 @williamloo23 @shabangu130 @Hendronx  JEZMJ
